SET check_function_bodies = false;
INSERT INTO public.organization (id, name, address_line1, address_line2, city, postal_code, country, phone, email, website, created_at, updated_at, deleted_at, public_key_pem, key_created_at, key_fingerprint) VALUES ('11111111-1111-1111-1111-111111111111', 'Test Medical Practice 1', NULL, NULL, 'Test City 1', NULL, NULL, NULL, NULL, NULL, '2025-10-30 10:08:07.994709+00', '2025-10-30 10:08:07.994709+00', NULL, NULL, NULL, NULL);
INSERT INTO public.organization (id, name, address_line1, address_line2, city, postal_code, country, phone, email, website, created_at, updated_at, deleted_at, public_key_pem, key_created_at, key_fingerprint) VALUES ('22222222-2222-2222-2222-222222222222', 'Test Medical Practice 2', NULL, NULL, 'Test City 2', NULL, NULL, NULL, NULL, NULL, '2025-10-30 10:08:07.997054+00', '2025-10-30 10:08:07.997054+00', NULL, NULL, NULL, NULL);
INSERT INTO public.organization (id, name, address_line1, address_line2, city, postal_code, country, phone, email, website, created_at, updated_at, deleted_at, public_key_pem, key_created_at, key_fingerprint) VALUES ('33333333-3333-3333-3333-333333333333', 'Manual Test Medical Practice', NULL, NULL, 'Test City 3', NULL, NULL, NULL, NULL, NULL, '2025-10-30 10:08:07.998387+00', '2025-10-30 10:08:07.998387+00', NULL, NULL, NULL, NULL);
INSERT INTO public."user" (id, name, email, "emailVerified", image, "createdAt", "updatedAt", "isAnonymous", roles, "activeRole", "organizationId", "isActive", "deletedAt") VALUES ('861nJKhLCFunvNVUgIeS0yz2bbgHGBN5', 'Test Admin One', 'admin1@test.com', true, NULL, '2025-10-30 11:08:08.075', '2025-10-30 11:08:08.075', NULL, '["org_admin"]', NULL, '11111111-1111-1111-1111-111111111111', true, NULL);
INSERT INTO public."user" (id, name, email, "emailVerified", image, "createdAt", "updatedAt", "isAnonymous", roles, "activeRole", "organizationId", "isActive", "deletedAt") VALUES ('TWw0QEaPwqs1Fc4z2vcgBNnLj1XT4aiv', 'Dr. Test Doctor One', 'doctor1@test.com', true, NULL, '2025-10-30 11:08:08.137', '2025-10-30 11:08:08.137', NULL, '["physician"]', NULL, '11111111-1111-1111-1111-111111111111', true, NULL);
INSERT INTO public."user" (id, name, email, "emailVerified", image, "createdAt", "updatedAt", "isAnonymous", roles, "activeRole", "organizationId", "isActive", "deletedAt") VALUES ('CaIj90V4YeRNSmsHmEvWdRU75Y2PJhPu', 'Test Reception One', 'reception1@test.com', true, NULL, '2025-10-30 11:08:08.193', '2025-10-30 11:08:08.193', NULL, '["receptionist"]', NULL, '11111111-1111-1111-1111-111111111111', true, NULL);
INSERT INTO public."user" (id, name, email, "emailVerified", image, "createdAt", "updatedAt", "isAnonymous", roles, "activeRole", "organizationId", "isActive", "deletedAt") VALUES ('g4guXnuJWAJ1q3XDXiE6PxzgrIcHvI8h', 'Test Admin Two', 'admin2@test.com', true, NULL, '2025-10-30 11:08:08.247', '2025-10-30 11:08:08.247', NULL, '["org_admin"]', NULL, '22222222-2222-2222-2222-222222222222', true, NULL);
INSERT INTO public."user" (id, name, email, "emailVerified", image, "createdAt", "updatedAt", "isAnonymous", roles, "activeRole", "organizationId", "isActive", "deletedAt") VALUES ('Xrq8QBDnufo83DcUDKBcBS3LjEj5b3tQ', 'Dr. Test Doctor Two', 'doctor2@test.com', true, NULL, '2025-10-30 11:08:08.303', '2025-10-30 11:08:08.303', NULL, '["physician", "receptionist"]', NULL, '22222222-2222-2222-2222-222222222222', true, NULL);
INSERT INTO public."user" (id, name, email, "emailVerified", image, "createdAt", "updatedAt", "isAnonymous", roles, "activeRole", "organizationId", "isActive", "deletedAt") VALUES ('Eiuvd1So0L89JXIsYYZEiTEdbZC62gJV', 'Admin Manual', 'admin@test.com', true, NULL, '2025-10-30 11:08:08.355', '2025-10-30 11:08:08.355', NULL, '["physician", "org_admin"]', NULL, '33333333-3333-3333-3333-333333333333', true, NULL);
INSERT INTO public."user" (id, name, email, "emailVerified", image, "createdAt", "updatedAt", "isAnonymous", roles, "activeRole", "organizationId", "isActive", "deletedAt") VALUES ('cA07WkbI9rwqLagyv79ZNooN0PGb6kc8', 'Dr. Physician Manual', 'physician@test.com', true, NULL, '2025-10-30 11:08:08.407', '2025-10-30 11:08:08.407', NULL, '["physician", "receptionist"]', NULL, '33333333-3333-3333-3333-333333333333', true, NULL);
INSERT INTO public."user" (id, name, email, "emailVerified", image, "createdAt", "updatedAt", "isAnonymous", roles, "activeRole", "organizationId", "isActive", "deletedAt") VALUES ('rCisySbi8EzsxmePfXROvT4aapXiXfSa', 'Reception Manual', 'receptionist@test.com', true, NULL, '2025-10-30 11:08:08.466', '2025-10-30 11:08:08.466', NULL, '["receptionist"]', NULL, '33333333-3333-3333-3333-333333333333', true, NULL);
INSERT INTO public."user" (id, name, email, "emailVerified", image, "createdAt", "updatedAt", "isAnonymous", roles, "activeRole", "organizationId", "isActive", "deletedAt") VALUES ('A1vSMGLeSKE70rVFp1p8sL1vPvqBYfwG', 'Test Unverified', 'unverified@test.com', true, NULL, '2025-10-30 11:08:08.524', '2025-10-30 11:08:08.524', NULL, '[]', NULL, NULL, true, NULL);
INSERT INTO public.account (id, "accountId", "providerId", "userId", "accessToken", "refreshToken", "idToken", "accessTokenExpiresAt", "refreshTokenExpiresAt", scope, password, "createdAt", "updatedAt") VALUES ('L2jFRObHehnJraTiJjtgzxi2UUuDK1Ew', '861nJKhLCFunvNVUgIeS0yz2bbgHGBN5', 'credential', '861nJKhLCFunvNVUgIeS0yz2bbgHGBN5', NULL, NULL, NULL, NULL, NULL, NULL, '9cf8a4f0dde4b1caf8edf8e0f6c6ab34:362530ae23e2fa1dc17ade52cfb9ad5b025846ed9e32156deefff0b456fecd199c6984a952df7e5800e35cbf87988b0dedc7e90a65f075159878b5dc796fdcb1', '2025-10-30 11:08:08.079', '2025-10-30 11:08:08.079');
INSERT INTO public.account (id, "accountId", "providerId", "userId", "accessToken", "refreshToken", "idToken", "accessTokenExpiresAt", "refreshTokenExpiresAt", scope, password, "createdAt", "updatedAt") VALUES ('ivMNinulI3OFF0zqkrmuoauwwr9M3aUx', 'TWw0QEaPwqs1Fc4z2vcgBNnLj1XT4aiv', 'credential', 'TWw0QEaPwqs1Fc4z2vcgBNnLj1XT4aiv', NULL, NULL, NULL, NULL, NULL, NULL, '33ee80a55d6223eba6c3b8864fefe415:3d6f9e070ad5c24f57fb87220ef0d8486677b1a438bb5c17e676846b34204409afc2bc585feb047facabbb3011c733ddae8ba6984b4dde1e7510503eb6f3a7a8', '2025-10-30 11:08:08.14', '2025-10-30 11:08:08.14');
INSERT INTO public.account (id, "accountId", "providerId", "userId", "accessToken", "refreshToken", "idToken", "accessTokenExpiresAt", "refreshTokenExpiresAt", scope, password, "createdAt", "updatedAt") VALUES ('IVFMcpQOi7yzK988FpqH7uYIqIdz347L', 'CaIj90V4YeRNSmsHmEvWdRU75Y2PJhPu', 'credential', 'CaIj90V4YeRNSmsHmEvWdRU75Y2PJhPu', NULL, NULL, NULL, NULL, NULL, NULL, '807edd813742b9910b528d63b047fda0:d6d69f8935b46213b697edabd4012715c2aee02706a5fdaa448fb808bf6626fb57aa9cddcb1039a4dfa78b8ddbb95db1e78f9673b3d267d8bfb54acda929ab3e', '2025-10-30 11:08:08.195', '2025-10-30 11:08:08.195');
INSERT INTO public.account (id, "accountId", "providerId", "userId", "accessToken", "refreshToken", "idToken", "accessTokenExpiresAt", "refreshTokenExpiresAt", scope, password, "createdAt", "updatedAt") VALUES ('tCgDNEG85apSPcXnALotub1wyWAzBasY', 'g4guXnuJWAJ1q3XDXiE6PxzgrIcHvI8h', 'credential', 'g4guXnuJWAJ1q3XDXiE6PxzgrIcHvI8h', NULL, NULL, NULL, NULL, NULL, NULL, 'e30b4a11d03dd54f2e276b8c00ca97b4:98d18f4ccf9584efc494126c605b56762e99bd6943690474df1d0b2f82e7c25a3f9525ef436056fb6adb397479ef1078a4efde55a6a979dcc952462e649ee70f', '2025-10-30 11:08:08.25', '2025-10-30 11:08:08.25');
INSERT INTO public.account (id, "accountId", "providerId", "userId", "accessToken", "refreshToken", "idToken", "accessTokenExpiresAt", "refreshTokenExpiresAt", scope, password, "createdAt", "updatedAt") VALUES ('8bsXnkx9J60znftdOP98IOv9Sm6ciDzT', 'Xrq8QBDnufo83DcUDKBcBS3LjEj5b3tQ', 'credential', 'Xrq8QBDnufo83DcUDKBcBS3LjEj5b3tQ', NULL, NULL, NULL, NULL, NULL, NULL, '49fe30251a21fb5c7d5f311faa6411ab:5e04d66c75ab77af3eba8c5b149d757254ac0595538950b4c2621ef0b331c956724d10176710e4e8ed2cbd21ef694863d92b08f7bdd4c8b756b2a57f62175f77', '2025-10-30 11:08:08.304', '2025-10-30 11:08:08.304');
INSERT INTO public.account (id, "accountId", "providerId", "userId", "accessToken", "refreshToken", "idToken", "accessTokenExpiresAt", "refreshTokenExpiresAt", scope, password, "createdAt", "updatedAt") VALUES ('hsCNj5PzMsHQVjGu4kPKE9bR2Vg4zXxK', 'Eiuvd1So0L89JXIsYYZEiTEdbZC62gJV', 'credential', 'Eiuvd1So0L89JXIsYYZEiTEdbZC62gJV', NULL, NULL, NULL, NULL, NULL, NULL, 'a7994235f032ea28689af2cbd21fd1a2:30337238bb2c1be0dcf6603829677897c8510b0430060bee1dc25f623bd07bab3fe8bf098eaecfae8a108a2e55af9c438642395288f5322fa90eeeb57ac5697b', '2025-10-30 11:08:08.358', '2025-10-30 11:08:08.358');
INSERT INTO public.account (id, "accountId", "providerId", "userId", "accessToken", "refreshToken", "idToken", "accessTokenExpiresAt", "refreshTokenExpiresAt", scope, password, "createdAt", "updatedAt") VALUES ('pZwvYX6pUwM9AjaMDg4weMrQ8Pe7wYZf', 'cA07WkbI9rwqLagyv79ZNooN0PGb6kc8', 'credential', 'cA07WkbI9rwqLagyv79ZNooN0PGb6kc8', NULL, NULL, NULL, NULL, NULL, NULL, '29164b5825d739e3cf512db965b8fcf7:b0529954d8de77649c21c97a5090e22d0c3a867f71d254112b005d03b181947b707c885604977b5ddae2324951c644b33b049892c4bc4cc306ed20d4e7a06b88', '2025-10-30 11:08:08.41', '2025-10-30 11:08:08.41');
INSERT INTO public.account (id, "accountId", "providerId", "userId", "accessToken", "refreshToken", "idToken", "accessTokenExpiresAt", "refreshTokenExpiresAt", scope, password, "createdAt", "updatedAt") VALUES ('DvXeLIFu3JqAdD8iY2eAZLv7a7Jhxfj0', 'rCisySbi8EzsxmePfXROvT4aapXiXfSa', 'credential', 'rCisySbi8EzsxmePfXROvT4aapXiXfSa', NULL, NULL, NULL, NULL, NULL, NULL, '85e1fd4a178bc2b9b8c5bc05b17d2bf2:cf6e1258f48d6055edc4e8a3537813beb71acdbe052dd4af007fd4c0c1df0225eed1c6c796be555e6d89cc6ca4ca324133b6e0eb61d784f64c2d8fe8be756149', '2025-10-30 11:08:08.469', '2025-10-30 11:08:08.469');
INSERT INTO public.account (id, "accountId", "providerId", "userId", "accessToken", "refreshToken", "idToken", "accessTokenExpiresAt", "refreshTokenExpiresAt", scope, password, "createdAt", "updatedAt") VALUES ('iL4FGKLnjvZoRWtObADxRFQ6X0nTgUDj', 'A1vSMGLeSKE70rVFp1p8sL1vPvqBYfwG', 'credential', 'A1vSMGLeSKE70rVFp1p8sL1vPvqBYfwG', NULL, NULL, NULL, NULL, NULL, NULL, '805ed2b11a0c0b2c7592649590d73715:22faa4055212533b5714729d38ac9c58aceb4c1ab112f7503feaa0e1a4ecb3cca83cea689dd833aed93d861bf60c430d0f471b343a54179cb17193a4e2660e1c', '2025-10-30 11:08:08.526', '2025-10-30 11:08:08.526');
INSERT INTO public.session (id, "expiresAt", token, "createdAt", "updatedAt", "ipAddress", "userAgent", "userId") VALUES ('qUgO4bxHaXL4bjvMMSX5zxgIZslBB1pM', '2025-11-06 11:08:08.081', 'XWaYRVHtWk3ntJyeyhmHJWS93lmLhq8m', '2025-10-30 11:08:08.081', '2025-10-30 11:08:08.081', '', '', '861nJKhLCFunvNVUgIeS0yz2bbgHGBN5');
INSERT INTO public.session (id, "expiresAt", token, "createdAt", "updatedAt", "ipAddress", "userAgent", "userId") VALUES ('XnFy81Ip1cWtBO74Ci3exH76b8FJaLjI', '2025-11-06 11:08:08.141', 'e6bezzR7ggXD3ae4BxDEbi93eabBoAME', '2025-10-30 11:08:08.141', '2025-10-30 11:08:08.141', '', '', 'TWw0QEaPwqs1Fc4z2vcgBNnLj1XT4aiv');
INSERT INTO public.session (id, "expiresAt", token, "createdAt", "updatedAt", "ipAddress", "userAgent", "userId") VALUES ('1HxRdux47dKdA1espcGE5XjbkaFoUXPT', '2025-11-06 11:08:08.197', 'uWcJ6tioomZuPE5y5efTxtUqKBLPbgiC', '2025-10-30 11:08:08.197', '2025-10-30 11:08:08.197', '', '', 'CaIj90V4YeRNSmsHmEvWdRU75Y2PJhPu');
INSERT INTO public.session (id, "expiresAt", token, "createdAt", "updatedAt", "ipAddress", "userAgent", "userId") VALUES ('RlWE2ZhpEonzgWqUB8mwyiXOzlor5pAp', '2025-11-06 11:08:08.251', '0sm19ueEAjc0k99Y7gUMb3dnb1k1T7ox', '2025-10-30 11:08:08.252', '2025-10-30 11:08:08.252', '', '', 'g4guXnuJWAJ1q3XDXiE6PxzgrIcHvI8h');
INSERT INTO public.session (id, "expiresAt", token, "createdAt", "updatedAt", "ipAddress", "userAgent", "userId") VALUES ('kWG8nZhjLflYF849xWTR6zl2c9V8Xh4i', '2025-11-06 11:08:08.305', 'OuLRw8GadMNQE0f1rw9GKJ5AsIfRmIS2', '2025-10-30 11:08:08.305', '2025-10-30 11:08:08.305', '', '', 'Xrq8QBDnufo83DcUDKBcBS3LjEj5b3tQ');
INSERT INTO public.session (id, "expiresAt", token, "createdAt", "updatedAt", "ipAddress", "userAgent", "userId") VALUES ('zBp2lP1fzsyZvN2VnzImiDgR3EmWSFh6', '2025-11-06 11:08:08.359', 'qxxfr7uhwZFVP8t6PUZtBtr2q9kJTy83', '2025-10-30 11:08:08.359', '2025-10-30 11:08:08.359', '', '', 'Eiuvd1So0L89JXIsYYZEiTEdbZC62gJV');
INSERT INTO public.session (id, "expiresAt", token, "createdAt", "updatedAt", "ipAddress", "userAgent", "userId") VALUES ('5Ap70VfGm8HxXHFmppQA2kWaqZY8x9sh', '2025-11-06 11:08:08.412', '4e8Tv4llbZe6ShecE6PzNES2sWZgs5uJ', '2025-10-30 11:08:08.412', '2025-10-30 11:08:08.412', '', '', 'cA07WkbI9rwqLagyv79ZNooN0PGb6kc8');
INSERT INTO public.session (id, "expiresAt", token, "createdAt", "updatedAt", "ipAddress", "userAgent", "userId") VALUES ('RBObPwBWtbV98duShISh1i80bD6LiXjd', '2025-11-06 11:08:08.47', 'Uxcmog68Zd56XahfdOylE7U4cM782HNn', '2025-10-30 11:08:08.47', '2025-10-30 11:08:08.47', '', '', 'rCisySbi8EzsxmePfXROvT4aapXiXfSa');
INSERT INTO public.session (id, "expiresAt", token, "createdAt", "updatedAt", "ipAddress", "userAgent", "userId") VALUES ('KH4Ug3FXTgO4tqsNeDg4oT9jN29OGPh2', '2025-11-06 11:08:08.527', 'P499yYRhrBgOC4TTjs3F4gn815ksKc4s', '2025-10-30 11:08:08.527', '2025-10-30 11:08:08.527', '', '', 'A1vSMGLeSKE70rVFp1p8sL1vPvqBYfwG');
INSERT INTO public.session (id, "expiresAt", token, "createdAt", "updatedAt", "ipAddress", "userAgent", "userId") VALUES ('P5hEpSxtvbqGUT9ekOKzXN7snMXtkKQv', '2025-11-06 11:08:08.579', '0Camp0zCHi4V9vGgk8jYQrDVLJN0X4SU', '2025-10-30 11:08:08.579', '2025-10-30 11:08:08.579', '', '', '861nJKhLCFunvNVUgIeS0yz2bbgHGBN5');
